{"_runtime":17414.884875422,"test/success_rate":1,"loss/policy_loss":0.05747975744307041,"loss/value_loss":0.3247778113000095,"test/collision_rate":0,"train/total_reward":155.55333068936454,"_step":500059,"test/average_reward":67.18183857896831,"loss/entropy":1.7052560418844223,"train/image_nonlinear_collision_penalty_2":155.55333068936454,"_timestamp":1.7479851472208655e+09,"_wandb":{"runtime":17414},"loss/approx_kl":0.7640151020139456,"loss/clip_fraction":0.4379464264959097,"train/collision_rate":0.13148371531966224,"train/success_rate":0.8682147165259348}